Fluss Feuer Schatten Traum,Dram
Sessizlik Rüya,Dram
Regina Eredità Fuoco Notte,Dram
Tabibito Unmei Taiyo,Dram
Gidae Haneul Sarang,Dram
Étoile Âme,Dram
Shadow Night Dragon Kingdom,Dram
Traum König Fluss,Dram
Gölge Gece Sessizlik,Dram
Yol Kral Aşk,Dram
Sang Nuit,Dram
Chueok Baram Sarangi,Dram
Fuoco Tempesta Notte,Dram
König Geist,Dram
Secret Ombre Âme Lumière,Dram
Bitnaneun Sarangi Chueok Haneul,Dram
Long Shan Hua,Dram
Night Dream,Dram
Tabibito Ken,Dram
Shizukesa Yurei Unmei Tsuki,Dram
Hua Zhan Feng Xin,Dram
Noche Luz Sombra Reino,Dram
Aag Khwaab,Dram
Zhan Hua Tian,Dram
Aag Pyar,Dram
Tian Hua Yue,Dram
Long Yue,Dram
Feng Qing,Dram
Gidae Baram Saebyeok Sarangi,Dram
Nuit Voix Cœur,Dram
