Emily,Jones
Manon,Leroy
Verónica,García
Anna,Romano
Linda,Smith
Martina,Bianchi
Divya,Kumar
Emma,Weber
Mei,Chen
Lan,Li
Linda,Brown
Pooja,Sharma
Asuka,Mori
Charlotte,Jones
Kavita,Kumar
Yu-Jin,Kim
Rina,Tanaka
Linda,Jones
Elif,Demir
Lea,Wagner
Federica,Greco
Lucia,Diaz
Aylin,Aydın
Neha,Reddy
Na-Ra,Lee
Sarah,Martin
Jing,Liu
Elif,Çelik
Anna,Schmidt
Melis,Kaya
Federica,Rossi
Sakura,Ito
Lucia,Gomez
Jade,Martin
Na-Ra,Yoon
Maya,Mehta
Carmen,López
Mia,Thomas
Lucy,Johnson
Louise,Thomas
Kavita,Sharma
Mei,Zhou
