Aylin,Koç,Türkiye
Can,Arslan,Türkiye
Deniz,Şahin,Türkiye
Emre,Aydın,Türkiye
Zeynep,Öztürk,Türkiye
Zeynep,Kaya,Türkiye
Mehmet,Çelik,Türkiye
Ece,Yılmaz,Türkiye
Mehmet,Arslan,Türkiye
Aslı,Arslan,Türkiye
Ahmet,Kaya,Türkiye
Mert,Aydın,Türkiye
Okan,Arslan,Türkiye
Ahmet,Çelik,Türkiye
Aylin,Koç,Türkiye
Derya,Çelik,Türkiye
Emre,Çelik,Türkiye
Aylin,Çelik,Türkiye
Burak,Yılmaz,Türkiye
Deniz,Yılmaz,Türkiye
Can,Demir,Türkiye
Can,Çelik,Türkiye
Onur,Arslan,Türkiye
Onur,Yılmaz,Türkiye
Mehmet,Arslan,Türkiye
Ece,Çelik,Türkiye
Nazlı,Arslan,Türkiye
Deniz,Kaya,Türkiye
Emre,Yılmaz,Türkiye
Onur,Taş,Türkiye
Burak,Şahin,Türkiye
Zeynep,Öztürk,Türkiye
Zeynep,Taş,Türkiye
Okan,Aydın,Türkiye
Onur,Öztürk,Türkiye
